attempt_id,success,correct_answer,user_answer,total_time,mouse_move_count,avg_mouse_speed,max_mouse_speed,click_count,avg_click_interval,keypress_count,backspace_count,input_change_count,final_input_length,edit_distance,time_per_character,error_rate
1742930151115,False,,ymp7g,2201.0,1,0.0,0.0,0,0,0,0,0,5,5,440.2,0.0
1742930155923,True,n6f4b,n6f4b,2015.0,2,0.1030385236194073,0.1320528211284513,0,0,0,0,5,5,0,403.0,1.0
1742930160593,True,wye85,wye85,2047.0,3,0.1448505596298068,0.2038794368827028,0,0,0,0,5,5,0,409.4,1.0
1742930165256,True,m5ym2,m5ym2,2099.0,2,0.0998927454004277,0.1257861635220125,0,0,0,0,5,5,0,419.8,1.0
1742930170026,True,3p67n,3p67n,1987.0,2,0.1038016960589662,0.1348039215686274,0,0,0,0,5,5,0,397.4,1.0
1742930174644,True,e7nx4,e7nx4,2056.0,2,0.1015332646982978,0.1294879340788699,0,0,0,0,5,5,0,411.2,1.0
1742930179336,True,f7cey,f7cey,2006.0,2,0.103949498074345,0.1346389228886169,0,0,0,0,5,5,0,401.2,1.0
1742930183992,False,87nym,87mm,1844.0,2,0.1099757345438098,0.1467645096731154,0,0,0,0,4,4,2,461.0,1.0
1742930188445,True,nd5wg,nd5wg,1990.0,2,0.1046270030854981,0.1348039215686274,0,0,0,0,5,5,0,398.0,1.0
1742930193086,True,gf2g4,gf2g4,2009.0,2,0.1026473763420886,0.1321321321321321,0,0,0,0,5,5,0,401.8,1.0
1742930197748,True,pybee,pybee,2029.0,3,0.1455077319442907,0.2045948033279052,0,0,0,0,5,5,0,405.8,1.0
1742930202423,True,4f8yp,4f8yp,1969.0,2,0.1046328681222905,0.1360544217687075,0,0,0,0,5,5,0,393.8,1.0
1742930207022,True,ddpyb,ddpyb,2019.0,2,0.1024104483702827,0.1307966706302021,0,0,0,0,5,5,0,403.8,1.0
1742930211636,True,p57fn,p57fn,1983.0,2,0.1052354208516867,0.1359703337453646,0,0,0,0,5,5,0,396.6,1.0
1742930216279,True,56ncx,56ncx,1986.0,2,0.1039663430921927,0.1347213717085119,0,0,0,0,5,5,0,397.2,1.0
1742930220916,True,xxney,xxney,2030.0,2,0.1023469774808875,0.13189448441247,0,0,0,0,5,5,0,406.0,1.0
1742930225593,True,yd3m3,yd3m3,1970.0,3,0.1464470097070303,0.2031690555695226,0,0,0,0,5,5,0,394.0,1.0
1742930230181,False,2nf26,2nn26,2047.0,3,0.1452719755427879,0.2038794368827028,0,0,0,0,5,5,1,409.4,1.0
1742930234818,True,243mm,243mm,2010.0,3,0.1465580123632496,0.2045948033279052,0,0,0,0,5,5,0,402.0,1.0
1742930239519,True,6ydyp,6ydyp,2023.0,2,0.1019496688908136,0.1318154583582984,0,0,0,0,5,5,0,404.6,1.0
1742930244178,True,x347n,x347n,2072.0,3,0.0679772495314295,0.1302545885139135,0,0,0,0,5,5,0,414.4,1.0
1742930248906,True,nn4wx,nn4wx,2032.0,2,0.1019773200003481,0.130718954248366,0,0,0,0,5,5,0,406.4,1.0
1742930253623,True,58pnp,58pnp,2005.0,2,0.1028627838104639,0.1333333333333333,0,0,0,0,5,5,0,401.0,1.0
1742930258278,True,ppx77,ppx77,1965.0,2,0.1046749641686298,0.1361386138613861,0,0,0,0,5,5,0,393.0,1.0
1742930262845,True,bf52c,bf52c,2067.0,2,0.1019564162951859,0.1294879340788699,0,0,0,0,5,5,0,413.4,1.0
1742930267508,False,gwnm6,gwnmb,2042.0,2,0.1026233776162855,0.1307966706302021,0,0,0,0,5,5,1,408.4,1.0
1742930272221,False,mb4en,mnb4en,2225.0,3,0.139936630871571,0.2031690555695226,0,0,0,0,6,6,1,370.8333333333333,1.0
1742930277068,False,mc35n,nc35n,2082.0,2,0.1007797354427324,0.127906976744186,0,0,0,0,5,5,1,416.4,1.0
1742930281807,True,exycn,exycn,1970.0,2,0.1051242294496811,0.1373283395755306,0,0,0,0,5,5,0,394.0,1.0
1742930286422,True,e46pd,e46pd,2050.0,2,0.1012993620601933,0.1294117647058823,0,0,0,0,5,5,0,410.0,1.0
1742930291050,False,cdcb3,edcb3,2018.0,2,0.1037115143891324,0.1321321321321321,0,0,0,0,5,5,1,403.6,1.0
1742930295733,True,n5x2n,n5x2n,1992.0,2,0.103830980670774,0.134886572654813,0,0,0,0,5,5,0,398.4,1.0
1742930300368,True,7dyww,7dyww,2029.0,2,0.1026473763420886,0.1321321321321321,0,0,0,0,5,5,0,405.8,1.0
1742930305104,True,de45x,de45x,1965.0,2,0.1046316844966067,0.1376720901126408,0,0,0,0,5,5,0,393.0,1.0
1742930309718,False,pwmbn,pwnbn,2021.0,2,0.1030501281583307,0.1332525741974561,0,0,0,0,5,5,1,404.2,1.0
1742930314363,True,gy8xb,gy8xb,2140.0,3,0.142376521772382,0.2031690555695226,0,0,0,0,5,5,0,428.0,1.0
1742930319169,True,6fg8c,6fg8c,2034.0,2,0.1017860296584685,0.1307966706302021,0,0,0,0,5,5,0,406.8,1.0
1742930323829,True,xcf88,xcf88,1977.0,2,0.1051235681635408,0.1362229102167182,0,0,0,0,5,5,0,395.4,1.0
1742930328431,True,c43b4,c43b4,1993.0,2,0.1041912584431766,0.1348039215686274,0,0,0,0,5,5,0,398.6,1.0
1742930333023,True,2cgyx,2cgyx,2035.0,2,0.1029967538263091,0.13189448441247,0,0,0,0,5,5,0,407.0,1.0
1742930337676,True,2nx38,2nx38,1968.0,3,0.0708835217049247,0.1386263390044108,0,0,0,0,5,5,0,393.6,1.0
1742930342265,True,fp5wn,fp5wn,1988.0,2,0.104430508923237,0.134886572654813,0,0,0,0,5,5,0,397.6,1.0
1742930346872,True,ncfgb,ncfgb,2098.0,2,0.1002026353397267,0.1267281105990783,0,0,0,0,5,5,0,419.6,1.0
1742930351610,True,wyc25,wyc25,2042.0,2,0.1018854176298442,0.1304863582443653,0,0,0,0,5,5,0,408.4,1.0
1742930356279,True,dmw8n,dmw8n,1997.0,2,0.1037192082643994,0.1334141904184354,0,0,0,0,5,5,0,399.4,1.0
1742930360904,True,b2g8e,b2g8e,1968.0,2,0.1055027498279528,0.1373283395755306,0,0,0,0,5,5,0,393.6,1.0
1742930365526,True,gdng3,gdng3,2014.0,2,0.1030218623455805,0.1331719128329297,0,0,0,0,5,5,0,402.8,1.0
1742930370180,True,fnbfw,fnbfw,2024.0,2,0.1025772788362716,0.13189448441247,0,0,0,0,5,5,0,404.8,1.0
1742930374820,True,xp24p,xp24p,2019.0,2,0.1036229934535019,0.1331719128329297,0,0,0,0,5,5,0,403.8,1.0
1742930379451,True,8wy7d,8wy7d,2012.0,2,0.1030781791212477,0.1321321321321321,0,0,0,0,5,5,0,402.4,1.0
1742930384076,True,w4cdc,w4cdc,2053.0,2,0.1023189361468293,0.1305637982195845,0,0,0,0,5,5,0,410.6,1.0
1742930388769,True,wce5n,wce5n,2033.0,2,0.1026320678021624,0.1320528211284513,0,0,0,0,5,5,0,406.6,1.0
1742930393451,True,w4cdc,w4cdc,1966.0,2,0.1046927653843817,0.1362229102167182,0,0,0,0,5,5,0,393.2,1.0
1742930398053,True,ng756,ng756,2017.0,2,0.1028280164524826,0.1320528211284513,0,0,0,0,5,5,0,403.4,1.0
1742930402737,True,c6f8g,c6f8g,2028.0,3,0.1451010242408273,0.2038794368827028,0,0,0,0,5,5,0,405.6,1.0
1742930407388,True,57wdp,57wdp,2060.0,2,0.1015198047090322,0.1294117647058823,0,0,0,0,5,5,0,412.0,1.0
1742930412078,False,bgem5,bgemn5,2214.0,2,0.0963330344761047,0.1191120736329182,0,0,0,0,6,6,1,369.0,1.0
1742930416902,True,662bw,662bw,1954.0,3,1.58495842998005,4.680851063829787,0,0,0,0,5,5,0,390.8,1.0
1742930421511,True,nngxc,nngxc,2001.0,2,0.1039853880681481,0.1343921808185705,0,0,0,0,5,5,0,400.2,1.0
1742930426105,True,5xwcg,5xwcg,1997.0,2,0.1044476716937704,0.1347213717085119,0,0,0,0,5,5,0,399.4,1.0
1742930430766,True,56c34,56c34,2013.0,2,0.1024537604094335,0.1321321321321321,0,0,0,0,5,5,0,402.6,1.0
1742930435392,True,m5meg,m5meg,1991.0,2,0.1046270030854981,0.1348039215686274,0,0,0,0,5,5,0,398.2,1.0
1742930441103,True,2cegf,2cegf,2024.0,2,0.1025377658091858,0.1318154583582984,0,0,0,0,5,5,0,404.8,1.0
1742930445799,True,7f8b3,7f8b3,1999.0,2,0.1030664019413192,0.1333333333333333,0,0,0,0,5,5,0,399.8,1.0
1742930450459,True,6wg4n,6wg4n,1985.0,2,0.1045111903830116,0.1362229102167182,0,0,0,0,5,5,0,397.0,1.0
1742930455110,True,84w7x,84w7x,2001.0,2,0.1030664019413192,0.1333333333333333,0,0,0,0,5,5,0,400.2,1.0
1742930459702,False,mdyp7,nndyp7,2217.0,2,0.0964089297393744,0.1179624664879356,0,0,0,0,6,6,2,369.5,1.0
1742930464572,True,8w875,8w875,2013.0,2,0.1026595457733182,0.1321321321321321,0,0,0,0,5,5,0,402.6,1.0
1742930469179,True,cdmn8,cdmn8,1999.0,2,0.1040943631620732,0.1333333333333333,0,0,0,0,5,5,0,399.8,1.0
1742930473838,True,gd8fb,gd8fb,1934.0,2,0.1066216713084858,0.1403956604977664,0,0,0,0,5,5,0,386.8,1.0
1742930478411,True,dmx8p,dmx8p,2032.0,2,0.1026595457733182,0.1321321321321321,0,0,0,0,5,5,0,406.4,1.0
1742930483066,False,c482b,e482b,1997.0,3,0.146186449282834,0.2031690555695226,0,0,0,0,5,5,1,399.4,1.0
1742930487732,True,m23bp,m23bp,2020.0,2,0.1023865379141246,0.1319736052789442,0,0,0,0,5,5,0,404.0,1.0
1742930492348,True,p8c24,p8c24,2045.0,2,0.1019309246541256,0.1294117647058823,0,0,0,0,5,5,0,409.0,1.0
1742930497045,True,cy3nw,cy3nw,1978.0,3,0.0637720232122934,0.1373283395755306,0,0,0,0,5,5,0,395.6,1.0
1742930501668,True,y4n6m,y4n6m,2025.0,2,0.1025894807138965,0.13189448441247,0,0,0,0,5,5,0,405.0,1.0
1742930506307,True,gm6nn,gm6nn,2037.0,2,0.1023979989545225,0.1307966706302021,0,0,0,0,5,5,0,407.4,1.0
1742930510977,False,6f2yc,6fxc,1812.0,2,0.112648366394426,0.1516195727084769,0,0,0,0,4,4,2,453.0,1.0
1742930515440,False,mdxpn,nndxpn,2210.0,2,0.0960729273663417,0.1189832341806381,0,0,0,0,6,6,2,368.3333333333333,1.0
1742930520294,False,nnp4e,nnpee,2004.0,2,0.1032601463739188,0.1333333333333333,0,0,0,0,5,5,1,400.8,1.0
1742930524958,False,cnmnn,cnnn,1820.0,2,0.1114971084095066,0.1501706484641638,0,0,0,0,4,4,1,455.0,1.0
1742930529415,True,8g4yp,8g4yp,1948.0,2,0.1063338435620875,0.1390644753476612,0,0,0,0,5,5,0,389.6,1.0
1742930534016,True,fc2ff,fc2ff,2012.0,2,0.1030947895525852,0.1334141904184354,0,0,0,0,5,5,0,402.4,1.0
1742930538628,True,efb3f,efb3f,2069.0,2,0.1013523909467131,0.1282798833819242,0,0,0,0,5,5,0,413.8,1.0
1742930543339,True,gw468,gw468,2033.0,2,0.1025772788362716,0.13189448441247,0,0,0,0,5,5,0,406.6,1.0
1742930548018,True,x277e,x277e,2007.0,2,0.1033288830915565,0.1334951456310679,0,0,0,0,5,5,0,401.4,1.0
1742930552667,True,8gecm,8gecm,1987.0,2,0.1039083240918103,0.1345565749235474,0,0,0,0,5,5,0,397.4,1.0
1742930557251,False,dn2ym,dnbm,1803.0,2,0.1139587616498551,0.1534170153417015,0,0,0,0,4,4,2,450.75,1.0
1742930561686,True,3nfdn,3nfdn,1969.0,2,0.104900752767222,0.1362229102167182,0,0,0,0,5,5,0,393.8,1.0
1742930566297,True,b2nen,b2nen,2009.0,2,0.1033005749164698,0.1334141904184354,0,0,0,0,5,5,0,401.8,1.0
1742930570981,True,n4b4m,n4b4m,2057.0,2,0.1015137831677633,0.1305637982195845,0,0,0,0,5,5,0,411.4,1.0
1742930575667,False,mb4en,mnb4en,2210.0,2,0.0962809147491819,0.1189832341806381,0,0,0,0,6,6,1,368.3333333333333,1.0
1742930580544,True,gdng3,gdng3,2009.0,2,0.102858171156699,0.1332525741974561,0,0,0,0,5,5,0,401.8,1.0
1742930585182,True,6b46g,6b46g,1952.0,3,0.0714434495197809,0.1403061224489795,0,0,0,0,5,5,0,390.4,1.0
1742930589816,True,bw5nf,bw5nf,2017.0,2,0.1026160907106018,0.1331719128329297,0,0,0,0,5,5,0,403.4,1.0
1742930594449,True,8c23f,8c23f,2007.0,2,0.1037192082643994,0.1334141904184354,0,0,0,0,5,5,0,401.4,1.0
1742930599101,True,e2mg2,e2mg2,2024.0,2,0.1027025158239453,0.132291040288635,0,0,0,0,5,5,0,404.8,1.0
1742930603743,True,dw3nn,dw3nn,2051.0,2,0.1017560800946166,0.1294879340788699,0,0,0,0,5,5,0,410.2,1.0
1742930608493,True,bf52c,bf52c,2015.0,2,0.1027018596071234,0.1334141904184354,0,0,0,0,5,5,0,403.0,1.0
1742930613130,True,6mege,6mege,2010.0,3,0.7455078774451472,2.0106730671880344,0,0,0,0,5,5,0,402.0,1.0
1742930617755,True,n7g4f,n7g4f,2006.0,2,0.1037192082643994,0.1334141904184354,0,0,0,0,5,5,0,401.2,1.0
1742930622488,True,2cegf,2cegf,1994.0,2,0.103060341748744,0.1349693251533742,0,0,0,0,5,5,0,398.8,1.0
1742930627090,True,be3bp,be3bp,2024.0,2,0.1029572407992232,0.1318154583582984,0,0,0,0,5,5,0,404.8,1.0
1742930631735,False,42nxy,2nxy,1810.0,2,0.1129265367956924,0.1518288474810214,0,0,0,0,4,4,1,452.5,1.0
1742930636178,True,yyg5g,yyg5g,2074.0,2,0.1005957268797545,0.127906976744186,0,0,0,0,5,5,0,414.8,1.0
1742930640904,False,mwdf6,nwdf6,1969.0,2,0.1046871498068581,0.1361386138613861,0,0,0,0,5,5,1,393.8,1.0
1742930645549,True,m5ym2,m5ym2,2033.0,2,0.1017860296584685,0.1307966706302021,0,0,0,0,5,5,0,406.6,1.0
1742930650181,True,gfxcc,gfxcc,2026.0,2,0.1032388598199767,0.1320528211284513,0,0,0,0,5,5,0,405.2,1.0
1742930654921,True,ncww7,ncww7,2083.0,2,0.0993176842763664,0.1270207852193995,0,0,0,0,5,5,0,416.6,1.0
1742930659681,True,c4bgd,c4bgd,2012.0,2,0.1031068304838702,0.1334141904184354,0,0,0,0,5,5,0,402.4,1.0
1742930664352,True,f74x3,f74x3,1965.0,2,0.1044991494517266,0.1362229102167182,0,0,0,0,5,5,0,393.0,1.0
1742930668957,True,x2cnn,x2cnn,2054.0,2,0.1019119357398289,0.1305637982195845,0,0,0,0,5,5,0,410.8,1.0
1742930673610,True,gm2c2,gm2c2,1995.0,2,0.1046431510551711,0.134886572654813,0,0,0,0,5,5,0,399.0,1.0
1742930678262,True,ddnpf,ddnpf,2010.0,2,0.1031352671589014,0.1334951456310679,0,0,0,0,5,5,0,402.0,1.0
1742930682889,False,m22e3,mn22e3,2206.0,2,0.0965234731632309,0.119047619047619,0,0,0,0,6,6,1,367.6666666666667,1.0
1742930687721,True,xymfn,xymfn,2025.0,3,0.1452559129301525,0.2031690555695226,0,0,0,0,5,5,0,405.0,1.0
1742930692359,True,nbwpn,nbwpn,2058.0,3,0.1448357300256772,0.2038794368827028,0,0,0,0,5,5,0,411.6,1.0
1742930697024,False,bwmee,bwmnee,2184.0,2,0.0975222988658135,0.1209455744914788,0,0,0,0,6,6,1,364.0,1.0
1742930701847,True,x44n4,x44n4,2014.0,2,0.1032159930465015,0.1331719128329297,0,0,0,0,5,5,0,402.8,1.0
1742930706459,True,478nx,478nx,1993.0,2,0.1046557355831575,0.134886572654813,0,0,0,0,5,5,0,398.6,1.0
1742930711121,False,2mpnn,2npnn,2017.0,2,0.1027656284330323,0.1330913490623109,0,0,0,0,5,5,1,403.4,1.0
1742930715771,False,p2m6n,p7m6n,2005.0,2,0.1035333422798571,0.1334141904184354,0,0,0,0,5,5,1,401.0,1.0
1742930720504,True,xe8xm,xe8xm,1978.0,2,0.1036680124323111,0.1361386138613861,0,0,0,0,5,5,0,395.6,1.0
1742930725099,False,m3588,nn3588,2227.0,2,0.0957059239482592,0.1177100053504547,0,0,0,0,6,6,2,371.1666666666667,1.0
1742930730085,True,43xfe,43xfe,2022.0,2,0.1014531416431306,0.1320528211284513,0,0,0,0,5,5,0,404.4,1.0
1742930734757,True,fc2ff,fc2ff,2191.0,2,0.0965389837944456,0.1198910081743869,0,0,0,0,5,5,0,438.2,1.0
1742930739609,True,5nxnn,5nxnn,2057.0,2,0.1011297234125438,0.1294117647058823,0,0,0,0,5,5,0,411.4,1.0
1742930744328,True,x4pnp,x4pnp,1954.0,3,0.1471287690118508,0.2045948033279052,0,0,0,0,5,5,0,390.8,1.0
1742930748882,True,2wx73,2wx73,1996.0,2,0.1046557355831575,0.134886572654813,0,0,0,0,5,5,0,399.2,1.0
1742930753494,True,6pwcn,6pwcn,2089.0,2,0.1008292723031311,0.1279813845258871,0,0,0,0,5,5,0,417.8,1.0
1742930758236,True,85dxn,85dxn,2028.0,2,0.1023436351082648,0.1318154583582984,0,0,0,0,5,5,0,405.6,1.0
1742930762889,True,8ypdn,8ypdn,2008.0,2,0.1030385236194073,0.1320528211284513,0,0,0,0,5,5,0,401.6,1.0
1742930767534,True,3x5fm,3x5fm,1994.0,2,0.1042616602363327,0.1349693251533742,0,0,0,0,5,5,0,398.8,1.0
1742930772154,False,mcc2x,mcc2,1812.0,2,0.1125440170670285,0.151410874053682,0,0,0,0,4,4,1,453.0,1.0
1742930776593,True,4cfw8,4cfw8,1945.0,3,0.1476208021361793,0.2031690555695226,0,0,0,0,5,5,0,389.0,1.0
1742930781152,True,nmy2x,nmy2x,2012.0,2,0.1030385236194073,0.1320528211284513,0,0,0,0,5,5,0,402.4,1.0
1742930785753,True,8n5pn,8n5pn,2026.0,3,0.1461100433028916,0.2038794368827028,0,0,0,0,5,5,0,405.2,1.0
1742930790425,False,bgem5,bgemn5,2268.0,2,0.0945308810399378,0.1158504476040021,0,0,0,0,6,6,1,378.0,1.0
1742930795334,True,e8e5e,e8e5e,2071.0,2,0.1006960438098162,0.1282051282051282,0,0,0,0,5,5,0,414.2,1.0
1742930800032,True,6e6pn,6e6pn,2188.0,2,0.096784084127381,0.1198910081743869,0,0,0,0,5,5,0,437.6,1.0
1742930804813,True,ncw4g,ncw4g,2006.0,2,0.1045285414407781,0.1345565749235474,0,0,0,0,5,5,0,401.2,1.0
1742930809429,True,6b4w6,6b4w6,1990.0,2,0.1044016244237351,0.1348039215686274,0,0,0,0,5,5,0,398.0,1.0
1742930814074,True,xnnc3,xnnc3,2031.0,2,0.1023831481353506,0.13189448441247,0,0,0,0,5,5,0,406.2,1.0
1742930818707,True,cfn53,cfn53,2161.0,2,0.0977517998336266,0.1210787011557512,0,0,0,0,5,5,0,432.2,1.0
1742930823515,False,8gmnx,8gmmx,1965.0,2,0.1053064082954268,0.1373283395755306,0,0,0,0,5,5,1,393.0,1.0
1742930828099,True,7xd5m,7xd5m,2054.0,3,0.0685786180749835,0.1317365269461078,0,0,0,0,5,5,0,410.8,1.0
1742930832785,True,nfndw,nfndw,1987.0,2,0.1041992658944435,0.1347213717085119,0,0,0,0,5,5,0,397.4,1.0
1742930837460,True,5p8fm,5p8fm,2001.0,2,0.102903212353015,0.1334141904184354,0,0,0,0,5,5,0,400.2,1.0
1742930842093,True,b6f2p,b6f2p,2015.0,2,0.1028280164524826,0.1320528211284513,0,0,0,0,5,5,0,403.0,1.0
1742930846783,True,556wd,556wd,2013.0,2,0.1024261458388782,0.1320528211284513,0,0,0,0,5,5,0,402.6,1.0
1742930851481,True,ne325,ne325,2011.0,2,0.1028627838104639,0.1333333333333333,0,0,0,0,5,5,0,402.2,1.0
1742930856120,True,7gnge,7gnge,1982.0,3,0.146672427423141,0.2031690555695226,0,0,0,0,5,5,0,396.4,1.0
1742930860712,True,cy3nw,cy3nw,2089.0,2,0.1004734085903735,0.1269474899019042,0,0,0,0,5,5,0,417.8,1.0
1742930865415,True,ndme7,ndme7,1975.0,3,0.146872061904494,0.2031690555695226,0,0,0,0,5,5,0,395.0,1.0
1742930870020,True,53mn8,53mn8,2027.0,2,0.1028553637249289,0.1321321321321321,0,0,0,0,5,5,0,405.4,1.0
1742930874680,True,f74x3,f74x3,2016.0,2,0.1028280164524826,0.1320528211284513,0,0,0,0,5,5,0,403.2,1.0
1742930879333,True,7p852,7p852,1956.0,2,0.1056069179783549,0.1375859912445278,0,0,0,0,5,5,0,391.2,1.0
1742930883966,True,8eggg,8eggg,2084.0,2,0.0996698620947494,0.1269474899019042,0,0,0,0,5,5,0,416.8,1.0
1742930888661,True,nfcb5,nfcb5,1992.0,2,0.1050346784927564,0.1359703337453646,0,0,0,0,5,5,0,398.4,1.0
1742930893296,True,x4f7g,x4f7g,2050.0,2,0.1013634068602393,0.1295641931684334,0,0,0,0,5,5,0,410.0,1.0
1742930897948,False,3bnyf,3bmyf,2017.0,3,0.145682362710055,0.2031690555695226,0,0,0,0,5,5,1,403.4,1.0
1742930902589,True,8n2pg,8n2pg,2001.0,2,0.1037192082643994,0.1334141904184354,0,0,0,0,5,5,0,400.2,1.0
1742930907224,True,8np22,8np22,2035.0,3,0.1450599423790238,0.2038794368827028,0,0,0,0,5,5,0,407.0,1.0
1742930911851,True,8w754,8w754,1941.0,2,0.1061904356705241,0.1375,0,0,0,0,5,5,0,388.2,1.0
1742930916438,True,p2dw7,p2dw7,2020.0,2,0.1028007249955631,0.1319736052789442,0,0,0,0,5,5,0,404.0,1.0
1742930921056,True,n265y,n265y,2032.0,2,0.102610784570852,0.1307966706302021,0,0,0,0,5,5,0,406.4,1.0
1742930925731,True,bpwd7,bpwd7,2001.0,3,0.0698380647702332,0.1358863495985176,0,0,0,0,5,5,0,400.2,1.0
1742930930355,True,g7gnf,g7gnf,2018.0,2,0.103132742740148,0.132291040288635,0,0,0,0,5,5,0,403.6,1.0
1742930935036,True,3nnpw,3nnpw,1965.0,2,0.1044871164840205,0.1362229102167182,0,0,0,0,5,5,0,393.0,1.0
1742930939643,True,p7fyp,p7fyp,2000.0,2,0.1034805890227577,0.1333333333333333,0,0,0,0,5,5,0,400.0,1.0
1742930944259,True,mmy5n,mmy5n,2042.0,3,0.1452719755427879,0.2038794368827028,0,0,0,0,5,5,0,408.4,1.0
1742930948981,True,mxyxw,mxyxw,2018.0,3,0.0686491005065549,0.1331719128329297,0,0,0,0,5,5,0,403.6,1.0
1742930953588,True,yew6p,yew6p,2002.0,2,0.1041071023371908,0.1333333333333333,0,0,0,0,5,5,0,400.4,1.0
1742930958247,True,5x7x5,5x7x5,2067.0,2,0.1010657531676584,0.1292596944770857,0,0,0,0,5,5,0,413.4,1.0
1742930962953,True,c353e,c353e,1990.0,2,0.104174608210347,0.1347213717085119,0,0,0,0,5,5,0,398.0,1.0
1742930967656,True,w2n7e,w2n7e,1979.0,2,0.1032272811224618,0.134886572654813,0,0,0,0,5,5,0,395.8,1.0
1742930972295,True,8npe3,8npe3,2034.0,2,0.101887556347729,0.1305637982195845,0,0,0,0,5,5,0,406.8,1.0
1742930977078,False,mn5c4,mnn5c4,2221.0,3,0.0635749459784391,0.1198257080610021,0,0,0,0,6,6,1,370.1666666666667,1.0
1742930981969,False,pdw38,pw38,1852.0,2,0.1098069030312021,0.1468624833110814,0,0,0,0,4,4,1,463.0,1.0
1742930986507,True,f85y3,f85y3,2011.0,2,0.102903212353015,0.1334141904184354,0,0,0,0,5,5,0,402.2,1.0
1742930991188,True,5g5e5,5g5e5,1980.0,2,0.1043075722521564,0.1362229102167182,0,0,0,0,5,5,0,396.0,1.0
1742930995925,False,4433m,433m,1794.0,2,0.1119114625212186,0.1533101045296167,0,0,0,0,4,4,1,448.5,1.0
1742931000351,True,n7meb,n7meb,2018.0,2,0.1028007249955631,0.1319736052789442,0,0,0,0,5,5,0,403.6,1.0
1742931005014,True,w75w8,w75w8,2025.0,2,0.1025650850824001,0.13189448441247,0,0,0,0,5,5,0,405.0,1.0
1742931009675,True,f85y3,f85y3,2022.0,2,0.102879988422157,0.1321321321321321,0,0,0,0,5,5,0,404.4,1.0
1742931014345,True,x362g,x362g,2016.0,2,0.1033288830915565,0.1334951456310679,0,0,0,0,5,5,0,403.2,1.0
1742931018988,True,nxn4f,nxn4f,2007.0,2,0.1034682725549236,0.1333333333333333,0,0,0,0,5,5,0,401.4,1.0
1742931023619,True,68wfd,68wfd,2022.0,2,0.102758650452181,0.1318154583582984,0,0,0,0,5,5,0,404.4,1.0
1742931028282,True,myf82,myf82,2004.0,2,0.1035087010974746,0.1334141904184354,0,0,0,0,5,5,0,400.8,1.0
1742931032884,False,nxcmn,myf82,46948.0,39,0.1013431745435135,0.4230769230769231,0,0,0,0,0,5,5,9389.6,0.0
1742931093326,True,4exnn,4exnn,10587.0,104,0.6009740867260749,4.305247524823631,0,0,0,0,7,5,0,2117.4,1.4
1742931120952,True,3ye2e,3ye2e,1976.0,2,0.0710315184569731,0.1282051282051282,0,0,0,0,5,5,0,395.2,1.0
1742931125566,True,b3xpn,b3xpn,2000.0,2,0.1035368704743968,0.1334951456310679,0,0,0,0,5,5,0,400.0,1.0
1742931130217,False,ycmcw,ycmncw,2196.0,2,0.0960850967975712,0.1189832341806381,0,0,0,0,6,6,1,366.0,1.0
1742931135025,True,c3572,c3572,2032.0,2,0.1025845194253674,0.130718954248366,0,0,0,0,5,5,0,406.4,1.0
1742931139675,True,c3n8x,c3n8x,2020.0,3,0.0695186340674634,0.1345565749235474,0,0,0,0,5,5,0,404.0,1.0
1742931144310,False,5mnpd,5nnpd,2035.0,3,0.1452981556213333,0.2024636074599062,0,0,0,0,5,5,1,407.0,1.0
1742931148985,True,6mege,6mege,2029.0,2,0.1024417274417274,0.1321321321321321,0,0,0,0,5,5,0,405.8,1.0
1742931153676,True,wddcp,wddcp,2104.0,2,0.0994628000950796,0.1257142857142857,0,0,0,0,5,5,0,420.8,1.0
1742931158414,True,m457d,m457d,1985.0,2,0.1045854133069203,0.1358863495985176,0,0,0,0,5,5,0,397.0,1.0
1742931163034,True,nxxf8,nxxf8,2011.0,2,0.103440209454819,0.1332525741974561,0,0,0,0,5,5,0,402.2,1.0
1742931167654,False,mdxpn,nndxpn,2320.0,2,0.0929757407396627,0.1119023397761953,0,0,0,0,6,6,2,386.6666666666667,1.0
1742931172613,True,6e554,6e554,2083.0,2,0.1003119984979567,0.1270207852193995,0,0,0,0,5,5,0,416.6,1.0
1742931177363,True,8bbm4,8bbm4,2017.0,2,0.1024537604094335,0.1321321321321321,0,0,0,0,5,5,0,403.4,1.0
1742931182013,False,pwebm,pwebn,1925.0,2,0.106531901313252,0.1390644753476612,0,0,0,0,5,5,1,385.0,1.0
1742931186607,True,c753e,c753e,2025.0,2,0.1024814306064306,0.1322115384615384,0,0,0,0,5,5,0,405.0,1.0
1742931191225,True,nxcmn,nxcmn,1998.0,2,0.1046270030854981,0.1348039215686274,0,0,0,0,5,5,0,399.6,1.0
1742931195859,True,y7x8p,y7x8p,2008.0,2,0.1040002820070342,0.134886572654813,0,0,0,0,5,5,0,401.6,1.0
1742931200473,True,wb3ed,wb3ed,2078.0,2,0.1005225056648814,0.1270207852193995,0,0,0,0,5,5,0,415.6,1.0
1742931205193,True,c353e,c353e,2038.0,2,0.1022388456265079,0.130874479476502,0,0,0,0,5,5,0,407.6,1.0
1742931209884,True,52447,52447,1997.0,2,0.1036610048737835,0.1344743276283618,0,0,0,0,5,5,0,399.4,1.0
1742931214508,True,6e554,6e554,1997.0,2,0.1041580414844959,0.1346389228886169,0,0,0,0,5,5,0,399.4,1.0
1742931219175,False,cdcb3,edcb3,2014.0,2,0.1024141049075932,0.1320528211284513,0,0,0,0,5,5,1,402.8,1.0
1742931223824,True,e2mg2,e2mg2,2006.0,2,0.1035087010974746,0.1334141904184354,0,0,0,0,5,5,0,401.2,1.0
1742931228491,True,573bn,573bn,2031.0,2,0.1024261458388782,0.1320528211284513,0,0,0,0,5,5,0,406.2,1.0
1742931233164,True,xce8d,xce8d,2104.0,3,0.1429798276601599,0.2031690555695226,0,0,0,0,5,5,0,420.8,1.0
1742931237927,True,c753e,c753e,1967.0,2,0.1050880108473679,0.1373283395755306,0,0,0,0,5,5,0,393.4,1.0
1742931242594,True,y48c3,y48c3,2019.0,2,0.1020329572090702,0.1320528211284513,0,0,0,0,5,5,0,403.8,1.0
1742931247219,True,p2dw7,p2dw7,2002.0,2,0.1039879643027494,0.1335761991499696,0,0,0,0,5,5,0,400.4,1.0
1742931251879,True,nbp3e,nbp3e,2057.0,2,0.1010536882981455,0.1292596944770857,0,0,0,0,5,5,0,411.4,1.0
1742931256577,True,mm3nn,mm3nn,2015.0,2,0.102867671954323,0.1321321321321321,0,0,0,0,5,5,0,403.0,1.0
1742931261223,True,edwny,edwny,1957.0,2,0.1054904168584047,0.1373283395755306,0,0,0,0,5,5,0,391.4,1.0
1742931265816,True,pdyc8,pdyc8,2009.0,2,0.1035210175653087,0.1334141904184354,0,0,0,0,5,5,0,401.8,1.0
1742931270431,True,6e2dg,6e2dg,2077.0,3,0.0681352758761921,0.1303317535545023,0,0,0,0,5,5,0,415.4,1.0
1742931275188,True,xymfn,xymfn,2031.0,2,0.1022780809703285,0.1322115384615384,0,0,0,0,5,5,0,406.2,1.0
1742931279846,True,g7wxw,g7wxw,2023.0,2,0.1028280164524826,0.1320528211284513,0,0,0,0,5,5,0,404.6,1.0
1742931284529,True,wyc25,wyc25,2028.0,2,0.1023436351082648,0.1318154583582984,0,0,0,0,5,5,0,405.6,1.0
1742931289196,True,xfgxb,xfgxb,2062.0,2,0.1012978790756568,0.1293356848912404,0,0,0,0,5,5,0,412.4,1.0
1742931293877,True,6ge3p,6ge3p,2009.0,2,0.1036787797218483,0.1333333333333333,0,0,0,0,5,5,0,401.8,1.0
1742931298573,True,823p2,823p2,2028.0,2,0.1019102031847183,0.1317365269461078,0,0,0,0,5,5,0,405.6,1.0
1742931303215,True,nfndw,nfndw,2044.0,2,0.1024104483702827,0.1307966706302021,0,0,0,0,5,5,0,408.8,1.0
1742931307942,True,ffd6p,ffd6p,2036.0,2,0.1020249621467895,0.1316576900059844,0,0,0,0,5,5,0,407.2,1.0
1742931312618,True,nc4yg,nc4yg,2060.0,2,0.1011261976035063,0.1292596944770857,0,0,0,0,5,5,0,412.0,1.0
1742931317327,True,pnnwy,pnnwy,1962.0,2,0.1053370947187312,0.1374141161773891,0,0,0,0,5,5,0,392.4,1.0
1742931321907,False,mdxpn,nndxpn,2231.0,2,0.0954481227255001,0.1168969181721572,0,0,0,0,6,6,2,371.8333333333333,1.0
1742931326750,True,mddgb,mddgb,2043.0,2,0.1023452359347005,0.1306413301662707,0,0,0,0,5,5,0,408.6,1.0
1742931331390,True,n3bm6,n3bm6,2058.0,2,0.1015056657229411,0.128130460104834,0,0,0,0,5,5,0,411.6,1.0
1742931336074,True,268g2,268g2,1992.0,2,0.1044140738394954,0.1348039215686274,0,0,0,0,5,5,0,398.4,1.0
1742931340755,True,5npdn,5npdn,1970.0,2,0.1041062195062648,0.1362229102167182,0,0,0,0,5,5,0,394.0,1.0
1742931345329,False,wnmyn,wnyn,1949.0,2,0.1060054448780149,0.1375859912445278,0,0,0,0,4,4,1,487.25,1.0
1742931349881,False,d2ycw,d2ymw,2014.0,3,0.1465849647249503,0.2045948033279052,0,0,0,0,5,5,1,402.8,1.0
1742931354558,True,n4xx5,n4xx5,2035.0,3,0.0686491005065549,0.1331719128329297,0,0,0,0,5,5,0,407.0,1.0
1742931359293,True,pgg3n,pgg3n,2099.0,2,0.098887846158912,0.1257861635220125,0,0,0,0,5,5,0,419.8,1.0
1742931364016,True,y33nm,y33nm,2011.0,2,0.1030385236194073,0.1320528211284513,0,0,0,0,5,5,0,402.2,1.0
1742931368762,True,nn4wx,nn4wx,2045.0,3,0.7212896028454687,1.9436506316151,0,0,0,0,5,5,0,409.0,1.0
1742931373422,True,3ny45,3ny45,1963.0,2,0.105817566473829,0.1375859912445278,0,0,0,0,5,5,0,392.6,1.0
1742931378001,False,pg2pm,pg2pmn,2350.0,2,0.0922418641991029,0.1108312342569269,0,0,0,0,6,6,1,391.6666666666667,1.0
1742931382993,True,nd5wg,nd5wg,2022.0,2,0.1025377658091858,0.1318154583582984,0,0,0,0,5,5,0,404.4,1.0
1742931387679,True,g55b4,g55b4,2087.0,2,0.1004265981920591,0.1279813845258871,0,0,0,0,5,5,0,417.4,1.0
1742931392519,True,w2e87,w2e87,2006.0,2,0.1018536704273658,0.1331719128329297,0,0,0,0,5,5,0,401.2,1.0
1742931397148,True,ydd3g,ydd3g,1964.0,2,0.1058051086774456,0.1375859912445278,0,0,0,0,5,5,0,392.8,1.0
1742931401722,True,fwxdp,fwxdp,2013.0,2,0.1030385236194073,0.1320528211284513,0,0,0,0,5,5,0,402.6,1.0
1742931406493,True,wb3ed,wb3ed,2012.0,2,0.1014417357413023,0.1320528211284513,0,0,0,0,5,5,0,402.4,1.0
1742931411176,True,gcx6f,gcx6f,2031.0,2,0.1017980705897536,0.1307966706302021,0,0,0,0,5,5,0,406.2,1.0
1742931415828,False,m2576,nn2576,2210.0,2,0.0965234731632309,0.119047619047619,0,0,0,0,6,6,2,368.3333333333333,1.0
1742931420703,True,226md,226md,1958.0,3,0.146923500737445,0.2038794368827028,0,0,0,0,5,5,0,391.6,1.0
1742931425298,True,d22bd,d22bd,2015.0,2,0.1028403329203167,0.1320528211284513,0,0,0,0,5,5,0,403.0,1.0
1742931429948,True,p4pde,p4pde,2035.0,2,0.1021876329739639,0.1307966706302021,0,0,0,0,5,5,0,407.0,1.0
1742931434748,True,264m5,264m5,2066.0,2,0.1000472301693646,0.1297169811320754,0,0,0,0,5,5,0,413.2,1.0
1742931439410,True,3den6,3den6,2017.0,2,0.1032514528654101,0.1320528211284513,0,0,0,0,5,5,0,403.4,1.0
1742931444144,True,gegw4,gegw4,2070.0,3,1.6180744263285023,4.782608695652174,0,0,0,0,5,5,0,414.0,1.0
1742931448849,True,7w67m,7w67m,2010.0,2,0.1037472364549554,0.1334951456310679,0,0,0,0,5,5,0,402.0,1.0
1742931453515,True,wwmn6,wwmn6,1970.0,2,0.1044871164840205,0.1362229102167182,0,0,0,0,5,5,0,394.0,1.0
1742931458130,True,nbwnn,nbwnn,1994.0,2,0.1035368704743968,0.1334951456310679,0,0,0,0,5,5,0,398.8,1.0
1742931462775,True,cfn53,cfn53,2005.0,3,0.1457500512967621,0.2038794368827028,0,0,0,0,5,5,0,401.0,1.0
1742931467403,True,2ycn8,2ycn8,2051.0,2,0.1017436306788564,0.1294879340788699,0,0,0,0,5,5,0,410.2,1.0
1742931472077,True,33p4e,33p4e,2004.0,2,0.1037192082643994,0.1334141904184354,0,0,0,0,5,5,0,400.8,1.0
1742931476756,True,ffd6p,ffd6p,1972.0,3,0.1462321404337812,0.2038794368827028,0,0,0,0,5,5,0,394.4,1.0
1742931481360,True,373gb,373gb,2050.0,2,0.1015713942430796,0.1295641931684334,0,0,0,0,5,5,0,410.0,1.0
1742931486103,True,e46yw,e46yw,1993.0,2,0.103598077928111,0.1348039215686274,0,0,0,0,5,5,0,398.6,1.0
1742931490755,True,nb267,nb267,2017.0,2,0.1024537604094335,0.1321321321321321,0,0,0,0,5,5,0,403.4,1.0
1742931495411,True,g8gnd,g8gnd,1991.0,2,0.1041622917425129,0.1347213717085119,0,0,0,0,5,5,0,398.2,1.0
1742931500053,True,x6b5m,x6b5m,1964.0,2,0.1046871498068581,0.1361386138613861,0,0,0,0,5,5,0,392.8,1.0
1742931504768,True,bcwnn,bcwnn,2009.0,2,0.1021224203862943,0.1334141904184354,0,0,0,0,5,5,0,401.8,1.0
1742931509444,True,e5n66,e5n66,2019.0,2,0.1023865379141246,0.1319736052789442,0,0,0,0,5,5,0,403.8,1.0
1742931514088,False,gw53m,gw53n,2037.0,2,0.102758650452181,0.1318154583582984,0,0,0,0,5,5,1,407.4,1.0
1742931518740,True,5ywwf,5ywwf,2018.0,2,0.1030781791212477,0.1321321321321321,0,0,0,0,5,5,0,403.6,1.0
1742931523411,True,7m8px,7m8px,2105.0,2,0.0995103720609196,0.125858123569794,0,0,0,0,5,5,0,421.0,1.0
1742931528285,False,5mnpd,5nnpd,2025.0,2,0.1016513054760759,0.1331719128329297,0,0,0,0,5,5,1,405.0,1.0
1742931532970,True,33p4e,33p4e,2135.0,2,0.0984490786281067,0.1244343891402715,0,0,0,0,5,5,0,427.0,1.0
1742931537827,True,ee8fg,ee8fg,2026.0,2,0.1011667687908496,0.130718954248366,0,0,0,0,5,5,0,405.2,1.0
1742931542479,True,8bbw8,8bbw8,2011.0,2,0.1030385236194073,0.1320528211284513,0,0,0,0,5,5,0,402.2,1.0
1742931547225,True,dy3cx,dy3cx,2012.0,2,0.1023752881870844,0.1335761991499696,0,0,0,0,5,5,0,402.4,1.0
1742931551880,True,537nf,537nf,2035.0,2,0.1019119357398289,0.1305637982195845,0,0,0,0,5,5,0,407.0,1.0
1742931556520,True,36bc2,36bc2,1973.0,2,0.105281756186444,0.1361386138613861,0,0,0,0,5,5,0,394.6,1.0
1742931561170,True,eng53,eng53,2016.0,2,0.102858171156699,0.1332525741974561,0,0,0,0,5,5,0,403.2,1.0
1742931565813,True,nxc83,nxc83,2010.0,3,0.145722640274919,0.2031690555695226,0,0,0,0,5,5,0,402.0,1.0
1742931570468,True,n464c,n464c,2059.0,2,0.1013374467466871,0.1294879340788699,0,0,0,0,5,5,0,411.8,1.0
1742931575143,False,mwxwp,nwxwp,2019.0,2,0.1030385236194073,0.1320528211284513,0,0,0,0,5,5,1,403.8,1.0
1742931579806,False,mwdf6,nwdf6,1952.0,2,0.1059991111432227,0.1387137452711223,0,0,0,0,5,5,1,390.4,1.0
1742931584416,True,e25xg,e25xg,2006.0,2,0.1031352671589014,0.1334951456310679,0,0,0,0,5,5,0,401.2,1.0
1742931589090,True,e84n2,e84n2,2036.0,2,0.1017980705897536,0.1307966706302021,0,0,0,0,5,5,0,407.2,1.0
1742931593796,True,5x7x5,5x7x5,2045.0,2,0.1011577579598781,0.1295641931684334,0,0,0,0,5,5,0,409.0,1.0
1742931598557,True,nc4yg,nc4yg,2016.0,2,0.1020608304639718,0.1321321321321321,0,0,0,0,5,5,0,403.2,1.0
1742931603206,False,2g7nm,2g7mn,1988.0,2,0.1041912584431766,0.1348039215686274,0,0,0,0,5,5,2,397.6,1.0
1742931607844,True,gbxyy,gbxyy,2128.0,2,0.0987985048461583,0.1244343891402715,0,0,0,0,5,5,0,425.6,1.0
1742931612578,True,p57fn,p57fn,2009.0,2,0.1037690898183821,0.1334141904184354,0,0,0,0,5,5,0,401.8,1.0
1742931617233,True,pcpg6,pcpg6,2006.0,2,0.1033288830915565,0.1334951456310679,0,0,0,0,5,5,0,401.2,1.0
1742931621906,True,44xe8,44xe8,2015.0,2,0.1024261458388782,0.1320528211284513,0,0,0,0,5,5,0,403.0,1.0
1742931626552,True,n7ff2,n7ff2,1992.0,2,0.1043727989094376,0.1347213717085119,0,0,0,0,5,5,0,398.4,1.0
1742931631155,True,8xef7,8xef7,2037.0,2,0.1027858222464225,0.13189448441247,0,0,0,0,5,5,0,407.4,1.0
1742931635837,False,my84e,ny84e,1959.0,2,0.105386475329516,0.1375859912445278,0,0,0,0,5,5,1,391.8,1.0
1742931640434,True,f5e5e,f5e5e,2018.0,2,0.1032159930465015,0.1331719128329297,0,0,0,0,5,5,0,403.6,1.0
1742931645081,True,ycnfc,ycnfc,2044.0,2,0.1015198047090322,0.1294117647058823,0,0,0,0,5,5,0,408.8,1.0
1742931649781,True,6bxwg,6bxwg,2026.0,3,0.1450853884691922,0.2031690555695226,0,0,0,0,5,5,0,405.2,1.0
1742931654477,True,33f7m,33f7m,2081.0,2,0.0998734802256046,0.1269474899019042,0,0,0,0,5,5,0,416.2,1.0
1742931659322,True,p57fn,p57fn,1935.0,3,0.1458315022155364,0.2024636074599062,0,0,0,0,5,5,0,387.0,1.0
1742931663950,True,w52fn,w52fn,2018.0,2,0.1022502765923818,0.1321321321321321,0,0,0,0,5,5,0,403.6,1.0
1742931668559,True,fc2ff,fc2ff,2020.0,2,0.1038362103954693,0.1331719128329297,0,0,0,0,5,5,0,404.0,1.0
1742931673219,True,g7fmc,g7fmc,2017.0,2,0.1033410525227861,0.1334951456310679,0,0,0,0,5,5,0,403.4,1.0
1742931677834,True,y4g3b,y4g3b,2092.0,2,0.1004500879889501,0.1268011527377521,0,0,0,0,5,5,0,418.4,1.0
1742931682568,True,mddgb,mddgb,1990.0,2,0.1042202839870521,0.134886572654813,0,0,0,0,5,5,0,398.0,1.0
1742931687226,True,px8n8,px8n8,2022.0,2,0.1028462410006049,0.1332525741974561,0,0,0,0,5,5,0,404.4,1.0
1742931691867,True,3n3cf,3n3cf,1966.0,2,0.1055027498279528,0.1373283395755306,0,0,0,0,5,5,0,393.2,1.0
1742931696455,False,8n4n8,8n44n8,2250.0,2,0.0951630763286286,0.1166489925768822,0,0,0,0,6,6,1,375.0,1.0
1742931701338,True,dmx8p,dmx8p,2069.0,2,0.1013237252291062,0.1294117647058823,0,0,0,0,5,5,0,413.8,1.0
1742931706031,True,y7x8p,y7x8p,2030.0,3,0.7450098207954124,2.0106730671880344,0,0,0,0,5,5,0,406.0,1.0
1742931710814,True,76n7p,76n7p,2008.0,2,0.1021452395391146,0.1334141904184354,0,0,0,0,5,5,0,401.6,1.0
1742931715479,True,36nx4,36nx4,1960.0,3,0.1473733913421648,0.2053152075649753,0,0,0,0,5,5,0,392.0,1.0
1742931720107,True,7fmcy,7fmcy,2168.0,3,0.0653265872342401,0.1231802911534154,0,0,0,0,5,5,0,433.6,1.0
1742931724913,True,77387,77387,2044.0,2,0.1019363476269532,0.1305637982195845,0,0,0,0,5,5,0,408.8,1.0
1742931729626,True,7gmf3,7gmf3,2018.0,3,0.145088931742507,0.2038794368827028,0,0,0,0,5,5,0,403.6,1.0
1742931734264,True,ccn2x,ccn2x,2043.0,3,0.1450351817717279,0.2031690555695226,0,0,0,0,5,5,0,408.6,1.0
1742931738964,True,3bfnd,3bfnd,1946.0,2,0.105836536843942,0.138801261829653,0,0,0,0,5,5,0,389.2,1.0
1742931743564,True,mgw3n,mgw3n,2043.0,2,0.1013634068602393,0.1295641931684334,0,0,0,0,5,5,0,408.6,1.0
1742931748252,True,x4gg5,x4gg5,2006.0,2,0.1039083240918103,0.1345565749235474,0,0,0,0,5,5,0,401.2,1.0
1742931752914,True,y53c2,y53c2,2130.0,3,0.1425935184822213,0.2038794368827028,0,0,0,0,5,5,0,426.0,1.0
1742931757720,True,y5dpp,y5dpp,2042.0,3,0.0682232910330683,0.13189448441247,0,0,0,0,5,5,0,408.4,1.0
1742931762378,True,d4ppy,d4ppy,1955.0,2,0.1058357086957418,0.1376720901126408,0,0,0,0,5,5,0,391.0,1.0
1742931767053,True,y32yy,y32yy,2003.0,2,0.102560457298562,0.1335761991499696,0,0,0,0,5,5,0,400.6,1.0
1742931771682,False,6dmx7,6dnx7,2010.0,2,0.1034682725549236,0.1333333333333333,0,0,0,0,5,5,1,402.0,1.0
1742931776429,True,pyf65,pyf65,2027.0,2,0.1020758520358856,0.1332525741974561,0,0,0,0,5,5,0,405.4,1.0
1742931781062,True,nny5e,nny5e,2033.0,2,0.1024104483702827,0.1307966706302021,0,0,0,0,5,5,0,406.6,1.0
1742931785931,False,wfy5m,wfy5n,2032.0,2,0.1005488246867557,0.1321321321321321,0,0,0,0,5,5,1,406.4,1.0
1742931790593,True,ffpxf,ffpxf,2070.0,2,0.100904169990821,0.1282051282051282,0,0,0,0,5,5,0,414.0,1.0
1742931795273,True,nbp3e,nbp3e,1977.0,3,0.1470807220716266,0.2038794368827028,0,0,0,0,5,5,0,395.4,1.0
1742931799914,True,p8c24,p8c24,2030.0,2,0.1017739966907624,0.1307966706302021,0,0,0,0,5,5,0,406.0,1.0
1742931804573,True,3den6,3den6,1992.0,2,0.1044140738394954,0.1348039215686274,0,0,0,0,5,5,0,398.4,1.0
1742931809255,True,cwdnx,cwdnx,2015.0,3,0.1451221301766877,0.2038794368827028,0,0,0,0,5,5,0,403.0,1.0
1742931813929,True,d236n,d236n,2023.0,2,0.1024261458388782,0.1320528211284513,0,0,0,0,5,5,0,404.6,1.0
1742931818585,False,44ype,4ype,1776.0,2,0.114540121789317,0.1554770318021201,0,0,0,0,4,4,1,444.0,1.0
1742931823000,True,7fde7,7fde7,1992.0,2,0.1034963928680805,0.1334141904184354,0,0,0,0,5,5,0,398.4,1.0
1742931827608,False,4c8n8,b8n8,1808.0,3,0.1522952573135595,0.2038794368827028,0,0,0,0,4,4,2,452.0,1.0
1742931832025,False,mfc35,nnfc35,2224.0,2,0.095949288505445,0.1178992497320471,0,0,0,0,6,6,2,370.6666666666667,1.0
1742931836858,True,nnn5p,nnn5p,2037.0,2,0.1023314107298663,0.1305637982195845,0,0,0,0,5,5,0,407.4,1.0
1742931841573,True,2cegf,2cegf,2006.0,2,0.1031068304838702,0.1334141904184354,0,0,0,0,5,5,0,401.2,1.0
1742931846289,True,gm6nn,gm6nn,2042.0,2,0.1011125180023004,0.1305637982195845,0,0,0,0,5,5,0,408.4,1.0
1742931850950,True,6b46g,6b46g,1990.0,2,0.1044140738394954,0.1348039215686274,0,0,0,0,5,5,0,398.0,1.0
1742931855567,True,7gce6,7gce6,2061.0,3,0.1443999332755862,0.2031690555695226,0,0,0,0,5,5,0,412.2,1.0
1742931860233,True,xyyyw,xyyyw,2007.0,2,0.1039600220712849,0.1334951456310679,0,0,0,0,5,5,0,401.4,1.0
1742931864878,True,yw667,yw667,2062.0,3,0.1442029400381572,0.2031690555695226,0,0,0,0,5,5,0,412.4,1.0
1742931869592,True,c8fxy,c8fxy,2003.0,2,0.1033127524471544,0.1334141904184354,0,0,0,0,5,5,0,400.6,1.0
1742931874280,True,75pfw,75pfw,1953.0,2,0.1054307652089634,0.138801261829653,0,0,0,0,5,5,0,390.6,1.0
1742931878995,True,de7f8,de7f8,2232.0,2,0.0936399614393679,0.1168348380244291,0,0,0,0,5,5,0,446.4,1.0
1742931885365,True,nbp3e,nbp3e,4378.0,2,0.051812966639465,0.054054054054054,0,0,0,0,5,5,0,875.6,1.0
1742931892384,True,wm47f,wm47f,2146.0,2,0.0976733218686603,0.1220865704772475,0,0,0,0,5,5,0,429.2,1.0
1742931897165,True,f6ne5,f6ne5,2002.0,2,0.1037877632144062,0.1335761991499696,0,0,0,0,5,5,0,400.4,1.0
1742931901815,True,gd4mf,gd4mf,2111.0,2,0.09890425645166,0.1246458923512747,0,0,0,0,5,5,0,422.2,1.0
1742931906568,True,25egp,25egp,2000.0,3,0.1461313823007337,0.2031690555695226,0,0,0,0,5,5,0,400.0,1.0
1742931911225,True,66wp5,66wp5,2112.0,2,0.0986994398965639,0.1245753114382786,0,0,0,0,5,5,0,422.4,1.0
1742931915949,True,n3m6x,n3m6x,2011.0,2,0.1039321375104021,0.1334141904184354,0,0,0,0,5,5,0,402.2,1.0
1742931920600,True,n3x4c,n3x4c,2006.0,2,0.1032601463739188,0.1333333333333333,0,0,0,0,5,5,0,401.2,1.0
1742931925293,True,be3bp,be3bp,2002.0,2,0.1029436899593312,0.1334951456310679,0,0,0,0,5,5,0,400.4,1.0
1742931929994,True,36nx4,36nx4,1940.0,2,0.1055592074431469,0.1391524351676154,0,0,0,0,5,5,0,388.0,1.0
1742931934592,True,nxx25,nxx25,1996.0,2,0.1033694098510074,0.1335761991499696,0,0,0,0,5,5,0,399.2,1.0
1742931939225,True,m5ym2,m5ym2,2077.0,2,0.1012097395291304,0.1291837933059307,0,0,0,0,5,5,0,415.4,1.0
1742931943993,True,d4ppy,d4ppy,2031.0,2,0.1014437863830955,0.130874479476502,0,0,0,0,5,5,0,406.2,1.0
1742931948631,True,mpmy5,mpmy5,2008.0,2,0.1039474375432986,0.1334951456310679,0,0,0,0,5,5,0,401.6,1.0
1742931953281,True,6b4w6,6b4w6,2025.0,2,0.1026595457733182,0.1321321321321321,0,0,0,0,5,5,0,405.0,1.0
1742931957986,True,pdyc8,pdyc8,2011.0,2,0.1029317833418497,0.1334951456310679,0,0,0,0,5,5,0,402.2,1.0
1742931962613,True,445cc,445cc,2013.0,2,0.1029989156946538,0.1319736052789442,0,0,0,0,5,5,0,402.6,1.0
1742931967310,True,n8fp6,n8fp6,2029.0,3,0.0686679656495929,0.1332525741974561,0,0,0,0,5,5,0,405.8,1.0
1742931971957,True,mnef5,mnef5,2041.0,2,0.1024104483702827,0.1307966706302021,0,0,0,0,5,5,0,408.2,1.0
1742931976654,True,npxb7,npxb7,2005.0,2,0.1030097974760675,0.1331719128329297,0,0,0,0,5,5,0,401.0,1.0
1742931981296,False,dfnx4,dmnxx4,2215.0,2,0.096293222978576,0.1189832341806381,0,0,0,0,6,6,2,369.1666666666667,1.0
1742931986139,True,3nnpw,3nnpw,1966.0,2,0.104913060996616,0.1362229102167182,0,0,0,0,5,5,0,393.2,1.0
1742931990742,True,e6b7y,e6b7y,2017.0,2,0.1028280164524826,0.1320528211284513,0,0,0,0,5,5,0,403.4,1.0
1742931995416,True,w8f36,w8f36,2021.0,2,0.1026595457733182,0.1321321321321321,0,0,0,0,5,5,0,404.2,1.0
1742932000048,True,e7x45,e7x45,2099.0,2,0.0999162843807275,0.125858123569794,0,0,0,0,5,5,0,419.8,1.0
1742932004781,True,ycnfc,ycnfc,2001.0,2,0.1041168675019612,0.1345565749235474,0,0,0,0,5,5,0,400.2,1.0
1742932009460,True,wd2gb,wd2gb,1966.0,2,0.1042654240744903,0.1361386138613861,0,0,0,0,5,5,0,393.2,1.0
1742932014049,False,64m82,6m82,1801.0,2,0.1138277555132822,0.1536312849162011,0,0,0,0,4,4,1,450.25,1.0
1742932018493,True,2enf4,2enf4,2035.0,3,0.0687944091029344,0.1331719128329297,0,0,0,0,5,5,0,407.0,1.0
1742932023222,True,w75w8,w75w8,2015.0,2,0.1020211749621314,0.1320528211284513,0,0,0,0,5,5,0,403.0,1.0
1742932027842,True,3ye2e,3ye2e,2012.0,2,0.1039321375104021,0.1334141904184354,0,0,0,0,5,5,0,402.4,1.0
1742932032513,True,x7746,x7746,2021.0,2,0.1024537604094335,0.1321321321321321,0,0,0,0,5,5,0,404.2,1.0
1742932037198,True,7wn74,7wn74,2028.0,2,0.1023041694021694,0.1317365269461078,0,0,0,0,5,5,0,405.6,1.0
1742932041857,True,5dxnm,5dxnm,2041.0,2,0.102173399480274,0.130718954248366,0,0,0,0,5,5,0,408.2,1.0
1742932046534,True,4gycb,4gycb,2015.0,2,0.1032563237287646,0.1332525741974561,0,0,0,0,5,5,0,403.0,1.0
1742932051213,True,xngxc,xngxc,2068.0,3,0.1440312206422736,0.2045948033279052,0,0,0,0,5,5,0,413.6,1.0
1742932055927,True,c753e,c753e,2025.0,2,0.1032159930465015,0.1331719128329297,0,0,0,0,5,5,0,405.0,1.0
1742932060582,True,2bg48,2bg48,2041.0,2,0.1019385079593005,0.1306413301662707,0,0,0,0,5,5,0,408.2,1.0
1742932065266,True,8np22,8np22,1951.0,2,0.1055946015105208,0.1375859912445278,0,0,0,0,5,5,0,390.2,1.0
1742932069850,False,5mf7c,5nf7c,2020.0,2,0.102867671954323,0.1321321321321321,0,0,0,0,5,5,1,404.0,1.0
1742932074495,True,defyx,defyx,2146.0,2,0.0984508969305834,0.1232492997198879,0,0,0,0,5,5,0,429.2,1.0
1742932079296,False,4n3mn,4n3nn,2053.0,2,0.1013755762914689,0.1295641931684334,0,0,0,0,5,5,1,410.6,1.0
1742932083981,True,n2gmg,n2gmg,2109.0,2,0.0991122438345002,0.1246458923512747,0,0,0,0,5,5,0,421.8,1.0
1742932088724,True,ee8fg,ee8fg,1967.0,2,0.1051111187477805,0.1362229102167182,0,0,0,0,5,5,0,393.4,1.0
1742932093331,False,gwnm6,gwnmb,2052.0,2,0.1015455729276919,0.1294879340788699,0,0,0,0,5,5,1,410.4,1.0
1742932097977,True,mgdwb,mgdwb,2017.0,3,0.1458927194798881,0.2038794368827028,0,0,0,0,5,5,0,403.4,1.0
1742932102622,True,g2577,g2577,2063.0,2,0.1011520547461438,0.1282798833819242,0,0,0,0,5,5,0,412.6,1.0
1742932107299,True,fc2ff,fc2ff,2004.0,2,0.1044016244237351,0.1348039215686274,0,0,0,0,5,5,0,400.8,1.0
1742932111934,True,7wn74,7wn74,2046.0,2,0.1018732157522193,0.1304863582443653,0,0,0,0,5,5,0,409.2,1.0
1742932116631,True,yxd7m,yxd7m,2054.0,2,0.1013496242773717,0.1294879340788699,0,0,0,0,5,5,0,410.8,1.0
1742932121336,True,c86md,c86md,1964.0,2,0.1046749641686298,0.1361386138613861,0,0,0,0,5,5,0,392.8,1.0
1742932125894,True,y32yy,y32yy,2007.0,2,0.1041347917046243,0.1334141904184354,0,0,0,0,5,5,0,401.4,1.0
1742932130534,True,be6np,be6np,2068.0,2,0.1012978790756568,0.1293356848912404,0,0,0,0,5,5,0,413.6,1.0
1742932135238,True,5bg8f,5bg8f,2006.0,2,0.1034682725549236,0.1333333333333333,0,0,0,0,5,5,0,401.2,1.0
1742932139893,True,dmw8n,dmw8n,1998.0,2,0.1033127524471544,0.1334141904184354,0,0,0,0,5,5,0,399.6,1.0
1742932144549,False,pg2pm,pg2pmn,2175.0,2,0.0969298916646631,0.121012101210121,0,0,0,0,6,6,1,362.5,1.0
1742932149397,True,37ep6,37ep6,2120.0,3,0.0664525557225825,0.1265822784810126,0,0,0,0,5,5,0,424.0,1.0
1742932154141,False,pym7p,pymn7p,2207.0,2,0.096784084127381,0.1198910081743869,0,0,0,0,6,6,1,367.8333333333333,1.0
1742932159009,True,8cm46,8cm46,1996.0,2,0.1031068304838702,0.1334141904184354,0,0,0,0,5,5,0,399.2,1.0
1742932163607,False,mmc5n,nnmc5n,2219.0,3,0.0649154670550667,0.1198910081743869,0,0,0,0,6,6,2,369.8333333333333,1.0
1742932168458,True,8n62n,8n62n,2004.0,2,0.1032159930465015,0.1331719128329297,0,0,0,0,5,5,0,400.8,1.0
1742932173088,True,658xe,658xe,2104.0,3,1.5849501303695437,4.680851063829787,0,0,0,0,5,5,0,420.8,1.0
1742932177793,True,m4fd8,m4fd8,1989.0,2,0.1048011215247801,0.1347213717085119,0,0,0,0,5,5,0,397.8,1.0
1742932182471,False,mmg2m,mng2mn,2254.0,2,0.0941213409457983,0.1158504476040021,0,0,0,0,6,6,2,375.6666666666667,1.0
1742932187382,True,bpwd7,bpwd7,2020.0,2,0.1024141049075932,0.1320528211284513,0,0,0,0,5,5,0,404.0,1.0
1742932191996,True,2b827,2b827,1991.0,2,0.1045411600904999,0.1345565749235474,0,0,0,0,5,5,0,398.2,1.0
1742932196652,True,d3ycn,d3ycn,2086.0,2,0.1004770142298417,0.128130460104834,0,0,0,0,5,5,0,417.2,1.0
1742932201367,False,cewnm,cewmn,1992.0,2,0.1042035666725706,0.1348039215686274,0,0,0,0,5,5,2,398.4,1.0
1742932206002,True,e46yw,e46yw,2016.0,2,0.1026870795067918,0.1322115384615384,0,0,0,0,5,5,0,403.2,1.0
1742932210628,True,pcpg6,pcpg6,2002.0,2,0.1038791159224176,0.1333333333333333,0,0,0,0,5,5,0,400.4,1.0
1742932215278,True,7fmcy,7fmcy,2038.0,2,0.102057500752213,0.1309523809523809,0,0,0,0,5,5,0,407.6,1.0
1742932219936,True,7g3nf,7g3nf,2053.0,3,0.0685869176854904,0.1317365269461078,0,0,0,0,5,5,0,410.6,1.0
1742932224645,True,edg3p,edg3p,1965.0,2,0.1046627866379452,0.1361386138613861,0,0,0,0,5,5,0,393.0,1.0
1742932229251,True,dd5w5,dd5w5,2005.0,2,0.103978528730421,0.1347213717085119,0,0,0,0,5,5,0,401.0,1.0
1742932233860,True,pp546,pp546,2018.0,3,0.1454677887977259,0.2031690555695226,0,0,0,0,5,5,0,403.6,1.0
1742932238503,False,wm746,wym746,2230.0,2,0.0959617379212052,0.1178992497320471,0,0,0,0,6,6,1,371.6666666666667,1.0
1742932243348,False,6mygb,6nygb,2072.0,2,0.1014684272787304,0.1292596944770857,0,0,0,0,5,5,1,414.4,1.0
1742932248049,False,64m82,6m82,1756.0,2,0.1154731317075038,0.1573676680972818,0,0,0,0,4,4,1,439.0,1.0
1742932252515,True,53wp3,53wp3,2024.0,2,0.1018617055063524,0.1321321321321321,0,0,0,0,5,5,0,404.8,1.0
1742932257117,False,43mn5,43mm5,2010.0,2,0.1040922271532239,0.1332525741974561,0,0,0,0,5,5,1,402.0,1.0
1742932261795,True,33p4e,33p4e,1995.0,2,0.1030947895525852,0.1334141904184354,0,0,0,0,5,5,0,399.0,1.0
1742932266381,False,cdcb3,edcb3,2008.0,2,0.1041475308797418,0.1334141904184354,0,0,0,0,5,5,1,401.6,1.0
1742932271016,True,62nb3,62nb3,2043.0,2,0.1021487747830458,0.130718954248366,0,0,0,0,5,5,0,408.6,1.0
1742932275689,True,ne325,ne325,2010.0,2,0.1035210175653087,0.1334141904184354,0,0,0,0,5,5,0,402.0,1.0
1742932280333,True,gfp54,gfp54,1956.0,2,0.1060306675448631,0.138801261829653,0,0,0,0,5,5,0,391.2,1.0
1742932284997,True,n6xc5,n6xc5,2017.0,3,0.1444689340056463,0.2038794368827028,0,0,0,0,5,5,0,403.4,1.0
1742932289627,True,25257,25257,2003.0,2,0.1043689730643825,0.1346389228886169,0,0,0,0,5,5,0,400.6,1.0
1742932294304,True,xemyg,xemyg,2008.0,3,0.1449060590557102,0.2024636074599062,0,0,0,0,5,5,0,401.6,1.0
1742932298961,False,42xpy,42py,1791.0,2,0.1134506324283636,0.153738644304682,0,0,0,0,4,4,1,447.75,1.0
1742932303390,True,y4ec2,y4ec2,1999.0,2,0.1035087010974746,0.1334141904184354,0,0,0,0,5,5,0,399.8,1.0
1742932308026,True,cnex4,cnex4,2081.0,2,0.1006579760945302,0.1280558789289872,0,0,0,0,5,5,0,416.2,1.0
1742932312720,True,x277e,x277e,2003.0,2,0.1043153244988107,0.1345565749235474,0,0,0,0,5,5,0,400.6,1.0
1742932317401,False,gwnm6,gwnmb,2041.0,2,0.1015944524588983,0.1307966706302021,0,0,0,0,5,5,1,408.2,1.0
1742932322052,True,3ye2e,3ye2e,2036.0,2,0.1023979989545225,0.1307966706302021,0,0,0,0,5,5,0,407.2,1.0
1742932326738,True,8g4yp,8g4yp,2009.0,3,0.145513257525702,0.2031690555695226,0,0,0,0,5,5,0,401.8,1.0
1742932331363,False,gymmn,gymmnn,2215.0,2,0.0959808968833892,0.1179624664879356,0,0,0,0,6,6,1,369.1666666666667,1.0
1742932336207,True,6pwcn,6pwcn,1952.0,2,0.106239210955014,0.138801261829653,0,0,0,0,5,5,0,390.4,1.0
1742932340785,True,mc8w2,mc8w2,2051.0,3,0.144386903090853,0.2031690555695226,0,0,0,0,5,5,0,410.2,1.0
1742932345450,False,mdyp7,nndyp7,2268.0,3,0.0637080934407707,0.1166489925768822,0,0,0,0,6,6,2,378.0,1.0
1742932350363,True,pnnwy,pnnwy,2021.0,3,0.0692478447793505,0.1345565749235474,0,0,0,0,5,5,0,404.2,1.0
1742932355014,True,ggd7m,ggd7m,2013.0,2,0.1035368704743968,0.1334951456310679,0,0,0,0,5,5,0,402.6,1.0
1742932359671,True,x5f54,x5f54,1981.0,3,0.1466593061586455,0.2038794368827028,0,0,0,0,5,5,0,396.2,1.0
1742932364313,True,b5fm7,b5fm7,2045.0,2,0.1011056176275937,0.1294117647058823,0,0,0,0,5,5,0,409.0,1.0
1742932368963,True,p6mn8,p6mn8,2009.0,3,0.1463592163620407,0.2038794368827028,0,0,0,0,5,5,0,401.8,1.0
1742932373631,True,fp3wy,fp3wy,2026.0,3,0.0684646845586747,0.1318154583582984,0,0,0,0,5,5,0,405.2,1.0
1742932378270,True,43xfe,43xfe,2010.0,3,0.0696963358303285,0.1346389228886169,0,0,0,0,5,5,0,402.0,1.0
1742932382942,True,defyx,defyx,2025.0,3,0.0688050649165004,0.1332525741974561,0,0,0,0,5,5,0,405.0,1.0
1742932387616,True,5gcd3,5gcd3,2023.0,3,0.1450589196927234,0.2031690555695226,0,0,0,0,5,5,0,404.6,1.0
1742932392240,True,de7f8,de7f8,1983.0,2,0.1045857281554404,0.1347213717085119,0,0,0,0,5,5,0,396.6,1.0
1742932396831,True,g3dy6,g3dy6,2086.0,2,0.1010402038830176,0.1279813845258871,0,0,0,0,5,5,0,417.2,1.0
1742932401520,True,n6nn2,n6nn2,2006.0,2,0.1039321375104021,0.1334141904184354,0,0,0,0,5,5,0,401.2,1.0
1742932406156,True,368y5,368y5,2026.0,2,0.1021876329739639,0.1307966706302021,0,0,0,0,5,5,0,405.2,1.0
1742932410814,True,g3dy6,g3dy6,2047.0,2,0.1021204791499798,0.1305637982195845,0,0,0,0,5,5,0,409.4,1.0
1742932415496,True,7gce6,7gce6,1956.0,2,0.1056253427151832,0.1376720901126408,0,0,0,0,5,5,0,391.2,1.0
1742932420082,True,24f6w,24f6w,2013.0,2,0.1035368704743968,0.1334951456310679,0,0,0,0,5,5,0,402.6,1.0
1742932424734,True,nf7bn,nf7bn,2013.0,3,0.1455402753653359,0.2031690555695226,0,0,0,0,5,5,0,402.6,1.0
1742932429402,True,3fbxd,3fbxd,2079.0,2,0.1004145333225462,0.1279813845258871,0,0,0,0,5,5,0,415.8,1.0
1742932434095,True,5gcd3,5gcd3,1999.0,3,0.1459346734386831,0.2031690555695226,0,0,0,0,5,5,0,399.8,1.0
1742932438742,False,7dwx4,7wx4,1805.0,2,0.1133385443008874,0.1534170153417015,0,0,0,0,4,4,1,451.25,1.0
1742932443146,True,y33nm,y33nm,2003.0,2,0.1043440322958735,0.1346389228886169,0,0,0,0,5,5,0,400.6,1.0
1742932447817,True,3ndxd,3ndxd,2018.0,2,0.1024261458388782,0.1320528211284513,0,0,0,0,5,5,0,403.6,1.0
1742932452476,True,n4b4m,n4b4m,2021.0,2,0.1033410525227861,0.1334951456310679,0,0,0,0,5,5,0,404.2,1.0
1742932457086,False,m2576,nn2576,2229.0,2,0.0961810979717324,0.1179624664879356,0,0,0,0,6,6,2,371.5,1.0
1742932461988,True,nxx25,nxx25,2016.0,2,0.1022106210905414,0.1320528211284513,0,0,0,0,5,5,0,403.2,1.0
1742932466615,True,cpe63,cpe63,2028.0,2,0.1032640544369406,0.1320528211284513,0,0,0,0,5,5,0,405.6,1.0
1742932471253,True,mye68,mye68,1952.0,2,0.1057621130551817,0.1375,0,0,0,0,5,5,0,390.4,1.0
1742932475876,True,58b5m,58b5m,2001.0,2,0.1030784508440913,0.1333333333333333,0,0,0,0,5,5,0,400.2,1.0
1742932480510,False,6dd2y,6ddx,1805.0,2,0.1127684567169862,0.1519337016574585,0,0,0,0,4,4,2,451.25,1.0
1742932484944,True,mye68,mye68,2029.0,2,0.1029377412116438,0.1323706377858002,0,0,0,0,5,5,0,405.8,1.0
1742932489574,True,gxxpf,gxxpf,2032.0,2,0.102571926379934,0.130718954248366,0,0,0,0,5,5,0,406.4,1.0
1742932494242,True,325fb,325fb,1996.0,2,0.1035491787037909,0.1334951456310679,0,0,0,0,5,5,0,399.2,1.0
1742932498859,True,eppg3,eppg3,2000.0,3,0.1463434384509205,0.2045948033279052,0,0,0,0,5,5,0,400.0,1.0
1742932503495,True,g3ex3,g3ex3,1979.0,3,0.1468686889078625,0.2038794368827028,0,0,0,0,5,5,0,395.8,1.0
1742932508088,True,8n34n,8n34n,2007.0,2,0.1037192082643994,0.1334141904184354,0,0,0,0,5,5,0,401.4,1.0
1742932512696,False,emwpn,enwpn,2021.0,2,0.103278515321817,0.1321321321321321,0,0,0,0,5,5,1,404.2,1.0
1742932517369,True,8xef7,8xef7,2024.0,2,0.1019529568314351,0.130718954248366,0,0,0,0,5,5,0,404.8,1.0
1742932521984,False,c4mcm,4ncm,1813.0,2,0.1133548594110348,0.1518288474810214,0,0,0,0,4,4,2,453.25,1.0
1742932526442,True,3ny45,3ny45,1988.0,2,0.1040245966034291,0.134886572654813,0,0,0,0,5,5,0,397.6,1.0
1742932531077,True,gpxng,gpxng,2011.0,2,0.1033005749164698,0.1334141904184354,0,0,0,0,5,5,0,402.2,1.0
1742932535679,True,63824,63824,1999.0,3,0.1467949434587329,0.2038794368827028,0,0,0,0,5,5,0,399.8,1.0
1742932540334,False,65ebm,65ebmn,2213.0,3,0.1404812644859359,0.2031690555695226,0,0,0,0,6,6,1,368.8333333333333,1.0
1742932545163,True,pf5ng,pf5ng,2003.0,2,0.1037596858707156,0.1334951456310679,0,0,0,0,5,5,0,400.6,1.0
1742932549803,True,be3bp,be3bp,2001.0,2,0.1038961303379388,0.1345565749235474,0,0,0,0,5,5,0,400.2,1.0
1742932554424,True,2mg87,2mg87,2081.0,2,0.1005467462506288,0.1270941652224148,0,0,0,0,5,5,0,416.2,1.0
1742932559154,True,n265y,n265y,2012.0,3,0.145513257525702,0.2031690555695226,0,0,0,0,5,5,0,402.4,1.0
1742932563796,True,bxxfc,bxxfc,2024.0,2,0.1028403329203167,0.1320528211284513,0,0,0,0,5,5,0,404.8,1.0
